http://www.physics.com/voluptatem-accusamus-non-ipsum-atque-velit-qui-est.html,http://www.chemistry.org/tempore-sunt-aliquam-nostrum-placeat-deleniti-occaecati-iste
http://www.physics.com/voluptatem-accusamus-non-ipsum-atque-velit-qui-est.html,https://BiologyHW.com/neque-doloremque-officiis-sed-et-magni-voluptatem.html
http://www.physics.com/voluptatem-accusamus-non-ipsum-atque-velit-qui-est.html,http://scienceQ&A.com/labore-quia-et-sit-voluptatum-deleniti
http://www.physics.com/voluptatem-accusamus-non-ipsum-atque-velit-qui-est.html,http://scienceMag.com/aut-eveniet-impedit-occaecati-sunt-animi-maiores-blanditiis
http://www.physics.com/voluptatem-accusamus-non-ipsum-atque-velit-qui-est.html,http://scienceMag.com/nam-quasi-enim-pariatur-incidunt-distinctio
http://www.physics.com/voluptatem-accusamus-non-ipsum-atque-velit-qui-est.html,http://quantum.info/
http://www.physics.com/voluptatem-accusamus-non-ipsum-atque-velit-qui-est.html,http://heller.com/
http://www.chemistry.org/tempore-sunt-aliquam-nostrum-placeat-deleniti-occaecati-iste,https://BiologyHW.com/neque-doloremque-officiis-sed-et-magni-voluptatem.html
http://www.chemistry.org/tempore-sunt-aliquam-nostrum-placeat-deleniti-occaecati-iste,http://www.kertzmann.net/
http://www.chemistry.org/tempore-sunt-aliquam-nostrum-placeat-deleniti-occaecati-iste,http://www.wintheiser.com/
http://www.chemistry.org/tempore-sunt-aliquam-nostrum-placeat-deleniti-occaecati-iste,http://www.physics.com/voluptatem-accusamus-non-ipsum-atque-velit-qui-est.html
https://BiologyHW.com/neque-doloremque-officiis-sed-et-magni-voluptatem.html,http://www.chemistry.org/tempore-sunt-aliquam-nostrum-placeat-deleniti-occaecati-iste
https://BiologyHW.com/neque-doloremque-officiis-sed-et-magni-voluptatem.html,http://www.kertzmann.net/
https://BiologyHW.com/neque-doloremque-officiis-sed-et-magni-voluptatem.html,http://www.physics.com/voluptatem-accusamus-non-ipsum-atque-velit-qui-est.html
https://BiologyHW.com/neque-doloremque-officiis-sed-et-magni-voluptatem.html,http://scienceMag.com/nam-quasi-enim-pariatur-incidunt-distinctio
https://BiologyHW.com/neque-doloremque-officiis-sed-et-magni-voluptatem.html,http://scienceMag.com/aut-eveniet-impedit-occaecati-sunt-animi-maiores-blanditiis
https://BiologyHW.com/neque-doloremque-officiis-sed-et-magni-voluptatem.html,http://scienceQ&A.com/labore-quia-et-sit-voluptatum-deleniti
http://astrology.com/,http://www.5minutecrafts.biz/dolore-molestiae-est-qui-culpa-voluptas.html
http://scienceQ&A.com/labore-quia-et-sit-voluptatum-deleniti,http://quantum.info/
http://scienceQ&A.com/labore-quia-et-sit-voluptatum-deleniti,https://BiologyHW.com/neque-doloremque-officiis-sed-et-magni-voluptatem.html
http://scienceQ&A.com/labore-quia-et-sit-voluptatum-deleniti,http://www.chemistry.org/tempore-sunt-aliquam-nostrum-placeat-deleniti-occaecati-iste
http://scienceQ&A.com/labore-quia-et-sit-voluptatum-deleniti,http://www.physics.com/voluptatem-accusamus-non-ipsum-atque-velit-qui-est.html
http://scienceQ&A.com/labore-quia-et-sit-voluptatum-deleniti,http://astrology.com/
http://quantum.info/,http://www.physics.com/voluptatem-accusamus-non-ipsum-atque-velit-qui-est.html
http://quantum.info/,http://scienceQ&A.com/labore-quia-et-sit-voluptatum-deleniti
http://quantum.info/,http://www.chemistry.org/tempore-sunt-aliquam-nostrum-placeat-deleniti-occaecati-iste
http://quantum.info/,http://haccher.com/non-consectetur-perspiciatis-quis-molestiae-non-placeat.html
https://west.com/ullam-iure-magnam-nesciunt-eaque-sit-aut-culpa-fuga.html,http://schaefer.com/similique-est-dolores-quia-aliquid-deserunt-quis-vero-debitis.html
https://west.com/ullam-iure-magnam-nesciunt-eaque-sit-aut-culpa-fuga.html,http://www.nikolaus.info/voluptates-in-consequatur-culpa-ut-ducimus-a-atque
http://schaefer.com/similique-est-dolores-quia-aliquid-deserunt-quis-vero-debitis.html,https://west.com/ullam-iure-magnam-nesciunt-eaque-sit-aut-culpa-fuga.html
http://www.lingo.com/pariatur-molestiae-excepturi-eos-consequatur-placeat-recusandae,http://schaefer.com/similique-est-dolores-quia-aliquid-deserunt-quis-vero-debitis.html
http://www.nikolaus.info/voluptates-in-consequatur-culpa-ut-ducimus-a-atque,http://schaefer.com/similique-est-dolores-quia-aliquid-deserunt-quis-vero-debitis.html
http://haccher.com/non-consectetur-perspiciatis-quis-molestiae-non-placeat.html,http://www.nikolaus.info/voluptates-in-consequatur-culpa-ut-ducimus-a-atque
http://haccher.com/non-consectetur-perspiciatis-quis-molestiae-non-placeat.html,http://quantum.info/
http://haccher.com/non-consectetur-perspiciatis-quis-molestiae-non-placeat.html,http://cstuts.com/voluptatibus-voluptas-est-ipsum.html
http://haccher.com/non-consectetur-perspiciatis-quis-molestiae-non-placeat.html,http://www.cstuts.com/aut-earum-et-eum-a-magnam
http://haccher.com/non-consectetur-perspiciatis-quis-molestiae-non-placeat.html,http://scienceMag.com/aut-eveniet-impedit-occaecati-sunt-animi-maiores-blanditiis
http://haccher.com/non-consectetur-perspiciatis-quis-molestiae-non-placeat.html,http://cstuts.com/saepe-ab-iste-molestias-iure-dolores
http://haccher.com/non-consectetur-perspiciatis-quis-molestiae-non-placeat.html,http://haccher.com/vitae-eligendi-quae-qui-vel-autem
http://haccher.com/non-consectetur-perspiciatis-quis-molestiae-non-placeat.html,http://heller.com/
http://haccher.com/non-consectetur-perspiciatis-quis-molestiae-non-placeat.html,http://wuckert.com/nemo-debitis-magni-aut-voluptates-rerum-atque-itaque
http://haccher.com/non-consectetur-perspiciatis-quis-molestiae-non-placeat.html,http://www.cybersecurity.net/consequatur-qui-cum-voluptas-dolore-consequuntur-autem-et-tempora
http://rath.com/nostrum-architecto-corrupti-voluptas-eveniet-recusandae.html,https://west.com/ullam-iure-magnam-nesciunt-eaque-sit-aut-culpa-fuga.html
http://cstuts.com/voluptatibus-voluptas-est-ipsum.html,http://cstuts.com/saepe-ab-iste-molestias-iure-dolores
http://cstuts.com/voluptatibus-voluptas-est-ipsum.html,http://www.cstuts.com/aut-earum-et-eum-a-magnam
http://www.flatley.com/qui-recusandae-qui-dignissimos,https://west.com/ullam-iure-magnam-nesciunt-eaque-sit-aut-culpa-fuga.html
http://www.flatley.com/qui-recusandae-qui-dignissimos,http://rath.com/nostrum-architecto-corrupti-voluptas-eveniet-recusandae.html
https://geeksnotfreaks.net/sit-velit-unde-eum-velit-vitae.html,http://cstuts.com/voluptatibus-voluptas-est-ipsum.html
http://www.cybersecurity.net/consequatur-qui-cum-voluptas-dolore-consequuntur-autem-et-tempora,http://cstuts.com/saepe-ab-iste-molestias-iure-dolores
http://www.cybersecurity.net/consequatur-qui-cum-voluptas-dolore-consequuntur-autem-et-tempora,https://geeksnotfreaks.net/sit-velit-unde-eum-velit-vitae.html
http://www.cybersecurity.net/consequatur-qui-cum-voluptas-dolore-consequuntur-autem-et-tempora,http://cstuts.com/voluptatibus-voluptas-est-ipsum.html
http://www.cybersecurity.net/consequatur-qui-cum-voluptas-dolore-consequuntur-autem-et-tempora,http://heller.com/
http://www.cybersecurity.net/consequatur-qui-cum-voluptas-dolore-consequuntur-autem-et-tempora,http://haccher.com/vitae-eligendi-quae-qui-vel-autem
http://www.cybersecurity.net/consequatur-qui-cum-voluptas-dolore-consequuntur-autem-et-tempora,http://haccher.com/non-consectetur-perspiciatis-quis-molestiae-non-placeat.html
http://www.cybersecurity.net/consequatur-qui-cum-voluptas-dolore-consequuntur-autem-et-tempora,https://www.paucek.info/aut-voluptas-delectus-rerum-autem-id-voluptas
http://www.cybersecurity.net/consequatur-qui-cum-voluptas-dolore-consequuntur-autem-et-tempora,http://www.cstuts.com/aut-earum-et-eum-a-magnam
http://www.cybersecurity.net/consequatur-qui-cum-voluptas-dolore-consequuntur-autem-et-tempora,http://scienceQ&A.com/labore-quia-et-sit-voluptatum-deleniti
http://www.cybersecurity.net/consequatur-qui-cum-voluptas-dolore-consequuntur-autem-et-tempora,http://gislason.org/quia-autem-id-dolores
http://www.cstuts.com/aut-earum-et-eum-a-magnam,http://www.cybersecurity.net/consequatur-qui-cum-voluptas-dolore-consequuntur-autem-et-tempora
http://www.factchecker.com/ab-et-est-dicta-in-totam-qui-ipsam,http://astrology.com/
http://mitchell.org/fuga-perspiciatis-quia-qui.html,https://west.com/ullam-iure-magnam-nesciunt-eaque-sit-aut-culpa-fuga.html
http://www.schmitt.info/,https://west.com/ullam-iure-magnam-nesciunt-eaque-sit-aut-culpa-fuga.html
http://www.physics.com/quis-et-architecto-ut-aut-quidem-et,http://www.physics.com/voluptatem-accusamus-non-ipsum-atque-velit-qui-est.html
http://scienceMag.com/aut-eveniet-impedit-occaecati-sunt-animi-maiores-blanditiis,http://scienceQ&A.com/labore-quia-et-sit-voluptatum-deleniti
http://scienceMag.com/aut-eveniet-impedit-occaecati-sunt-animi-maiores-blanditiis,http://scienceMag.com/nam-quasi-enim-pariatur-incidunt-distinctio
http://scienceMag.com/nam-quasi-enim-pariatur-incidunt-distinctio,http://scienceQ&A.com/labore-quia-et-sit-voluptatum-deleniti
http://scienceMag.com/nam-quasi-enim-pariatur-incidunt-distinctio,http://scienceMag.com/aut-eveniet-impedit-occaecati-sunt-animi-maiores-blanditiis
http://scienceMag.com/nam-quasi-enim-pariatur-incidunt-distinctio,http://www.kertzmann.net/
http://scienceMag.com/nam-quasi-enim-pariatur-incidunt-distinctio,http://www.physics.com/quis-et-architecto-ut-aut-quidem-et
http://scienceMag.com/nam-quasi-enim-pariatur-incidunt-distinctio,http://www.cstuts.com/aut-earum-et-eum-a-magnam
http://scienceMag.com/nam-quasi-enim-pariatur-incidunt-distinctio,https://geeksnotfreaks.net/sit-velit-unde-eum-velit-vitae.html
http://scienceMag.com/nam-quasi-enim-pariatur-incidunt-distinctio,http://www.5minutecrafts.biz/dolore-molestiae-est-qui-culpa-voluptas.html
http://scienceMag.com/nam-quasi-enim-pariatur-incidunt-distinctio,http://quantum.info/
http://www.schmitt.info/nemo-ex-consequuntur-quia.html,http://www.schmitt.info/
http://haccher.com/vitae-eligendi-quae-qui-vel-autem,http://cstuts.com/voluptatibus-voluptas-est-ipsum.html
http://haccher.com/vitae-eligendi-quae-qui-vel-autem,http://cstuts.com/saepe-ab-iste-molestias-iure-dolores
http://cstuts.com/saepe-ab-iste-molestias-iure-dolores,http://cstuts.com/voluptatibus-voluptas-est-ipsum.html
http://cstuts.com/saepe-ab-iste-molestias-iure-dolores,https://geeksnotfreaks.net/sit-velit-unde-eum-velit-vitae.html
http://cstuts.com/saepe-ab-iste-molestias-iure-dolores,http://www.cstuts.com/aut-earum-et-eum-a-magnam
http://gislason.org/quia-autem-id-dolores,http://www.schmitt.info/
http://gislason.org/quia-autem-id-dolores,http://www.flatley.com/qui-recusandae-qui-dignissimos
http://webbusters.com/laborum-et-laboriosam-eius-et.html,http://astrology.com/
http://webbusters.com/veniam-ut-nostrum-sit,http://gislason.org/quia-autem-id-dolores
http://www.kertzmann.net/,http://www.chemistry.org/tempore-sunt-aliquam-nostrum-placeat-deleniti-occaecati-iste
http://www.kertzmann.net/,https://BiologyHW.com/neque-doloremque-officiis-sed-et-magni-voluptatem.html
http://www.kertzmann.net/,http://scienceQ&A.com/labore-quia-et-sit-voluptatum-deleniti
http://www.kertzmann.net/,https://www.turner.com/voluptas-atque-neque-enim-inventore
http://www.kertzmann.net/,http://www.wintheiser.com/
http://www.kertzmann.net/,http://quantum.info/
http://www.kertzmann.net/,http://www.physics.com/voluptatem-accusamus-non-ipsum-atque-velit-qui-est.html
http://www.kertzmann.net/,http://donnelly.org/et-suscipit-eos-consequatur
http://www.kertzmann.net/,http://heller.com/
http://www.kertzmann.net/,http://scienceMag.com/nam-quasi-enim-pariatur-incidunt-distinctio
http://www.kertzmann.net/,http://scienceMag.com/aut-eveniet-impedit-occaecati-sunt-animi-maiores-blanditiis
http://www.kertzmann.net/,http://www.physics.com/quis-et-architecto-ut-aut-quidem-et
https://www.turner.com/voluptas-atque-neque-enim-inventore,https://BiologyHW.com/neque-doloremque-officiis-sed-et-magni-voluptatem.html
http://www.wintheiser.com/,http://www.chemistry.org/tempore-sunt-aliquam-nostrum-placeat-deleniti-occaecati-iste
http://www.grant.org/eos-voluptas-voluptates-iste-ut-at.html,http://www.5minutecrafts.biz/dolore-molestiae-est-qui-culpa-voluptas.html
http://donnelly.org/et-suscipit-eos-consequatur,http://quantum.info/
http://donnelly.org/et-suscipit-eos-consequatur,https://BiologyHW.com/neque-doloremque-officiis-sed-et-magni-voluptatem.html
http://donnelly.org/et-suscipit-eos-consequatur,http://www.chemistry.org/tempore-sunt-aliquam-nostrum-placeat-deleniti-occaecati-iste
http://heller.com/,http://www.physics.com/voluptatem-accusamus-non-ipsum-atque-velit-qui-est.html
http://heller.com/,http://scienceQ&A.com/labore-quia-et-sit-voluptatum-deleniti
http://www.hintz.biz/voluptatem-ipsum-est-numquam-pariatur-at-enim-necessitatibus,http://schaefer.com/similique-est-dolores-quia-aliquid-deserunt-quis-vero-debitis.html
http://www.hintz.biz/voluptatem-ipsum-est-numquam-pariatur-at-enim-necessitatibus,http://schaefer.com/similique-est-dolores-quia-aliquid-deserunt-quis-vero-debitis.html
https://walker.com/esse-accusamus-officia-modi-sunt.html,https://west.com/ullam-iure-magnam-nesciunt-eaque-sit-aut-culpa-fuga.html
https://walker.com/esse-accusamus-officia-modi-sunt.html,http://wehner.com/
https://wunsch.com/et-voluptates-dignissimos-voluptate-eum.html,http://schaefer.com/similique-est-dolores-quia-aliquid-deserunt-quis-vero-debitis.html
https://wunsch.com/et-voluptates-dignissimos-voluptate-eum.html,http://wehner.com/
https://wunsch.com/et-voluptates-dignissimos-voluptate-eum.html,https://walker.com/esse-accusamus-officia-modi-sunt.html
https://wunsch.com/et-voluptates-dignissimos-voluptate-eum.html,http://www.hintz.biz/voluptatem-ipsum-est-numquam-pariatur-at-enim-necessitatibus
https://wunsch.com/et-voluptates-dignissimos-voluptate-eum.html,https://wyman.com/est-voluptatem-ipsum-deserunt-architecto.html
https://wunsch.com/et-voluptates-dignissimos-voluptate-eum.html,https://www.langworth.com/sunt-qui-id-sunt-debitis-cupiditate-quis-alias
https://wunsch.com/et-voluptates-dignissimos-voluptate-eum.html,http://kutch.com/
https://wyman.com/est-voluptatem-ipsum-deserunt-architecto.html,http://schaefer.com/similique-est-dolores-quia-aliquid-deserunt-quis-vero-debitis.html
https://www.paucek.info/aut-voluptas-delectus-rerum-autem-id-voluptas,http://www.nikolaus.info/voluptates-in-consequatur-culpa-ut-ducimus-a-atque
https://www.paucek.info/aut-voluptas-delectus-rerum-autem-id-voluptas,http://haccher.com/vitae-eligendi-quae-qui-vel-autem
https://www.paucek.info/aut-voluptas-delectus-rerum-autem-id-voluptas,http://cstuts.com/voluptatibus-voluptas-est-ipsum.html
https://www.langworth.com/sunt-qui-id-sunt-debitis-cupiditate-quis-alias,https://west.com/ullam-iure-magnam-nesciunt-eaque-sit-aut-culpa-fuga.html
http://www.von.com/et-voluptates-enim-eos-autem-culpa-harum-est.html,http://cstuts.com/saepe-ab-iste-molestias-iure-dolores
http://www.von.com/et-voluptates-enim-eos-autem-culpa-harum-est.html,http://www.cstuts.com/aut-earum-et-eum-a-magnam
http://kutch.com/,https://west.com/ullam-iure-magnam-nesciunt-eaque-sit-aut-culpa-fuga.html
http://kutch.com/,http://rath.com/nostrum-architecto-corrupti-voluptas-eveniet-recusandae.html
http://www.bogan.com/saepe-aspernatur-facilis-doloremque-molestiae-sed-debitis-iste,http://cstuts.com/voluptatibus-voluptas-est-ipsum.html
http://osinski.com/ut-non-quas-nemo,http://cstuts.com/saepe-ab-iste-molestias-iure-dolores
http://wuckert.com/nemo-debitis-magni-aut-voluptates-rerum-atque-itaque,http://www.cybersecurity.net/consequatur-qui-cum-voluptas-dolore-consequuntur-autem-et-tempora
http://www.kuhn.com/asperiores-est-earum-aut-quo-et,http://astrology.com/
http://www.mccullough.org/,https://west.com/ullam-iure-magnam-nesciunt-eaque-sit-aut-culpa-fuga.html
http://wehner.com/,https://west.com/ullam-iure-magnam-nesciunt-eaque-sit-aut-culpa-fuga.html