http://www.physics.com/voluptatem-accusamus-non-ipsum-atque-velit-qui-est.html,0
http://www.chemistry.org/tempore-sunt-aliquam-nostrum-placeat-deleniti-occaecati-iste,0
https://BiologyHW.com/neque-doloremque-officiis-sed-et-magni-voluptatem.html,0
http://astrology.com/,0
http://scienceQ&A.com/labore-quia-et-sit-voluptatum-deleniti,0
http://quantum.info/,0
https://west.com/ullam-iure-magnam-nesciunt-eaque-sit-aut-culpa-fuga.html,0
http://schaefer.com/similique-est-dolores-quia-aliquid-deserunt-quis-vero-debitis.html,0
http://www.lingo.com/pariatur-molestiae-excepturi-eos-consequatur-placeat-recusandae,0
http://www.nikolaus.info/voluptates-in-consequatur-culpa-ut-ducimus-a-atque,0
http://haccher.com/non-consectetur-perspiciatis-quis-molestiae-non-placeat.html,0
http://rath.com/nostrum-architecto-corrupti-voluptas-eveniet-recusandae.html,0
http://cstuts.com/voluptatibus-voluptas-est-ipsum.html,0
http://www.flatley.com/qui-recusandae-qui-dignissimos,0
https://geeksnotfreaks.net/sit-velit-unde-eum-velit-vitae.html,0
http://www.cybersecurity.net/consequatur-qui-cum-voluptas-dolore-consequuntur-autem-et-tempora,0
http://www.cstuts.com/aut-earum-et-eum-a-magnam,0
http://www.factchecker.com/ab-et-est-dicta-in-totam-qui-ipsam,0
http://mitchell.org/fuga-perspiciatis-quia-qui.html,0
http://www.schmitt.info/,0
http://www.physics.com/quis-et-architecto-ut-aut-quidem-et,0
http://scienceMag.com/aut-eveniet-impedit-occaecati-sunt-animi-maiores-blanditiis,0
http://scienceMag.com/nam-quasi-enim-pariatur-incidunt-distinctio,0
http://www.schmitt.info/nemo-ex-consequuntur-quia.html,0
http://haccher.com/vitae-eligendi-quae-qui-vel-autem,0
http://cstuts.com/saepe-ab-iste-molestias-iure-dolores,0
http://gislason.org/quia-autem-id-dolores,0
http://webbusters.com/laborum-et-laboriosam-eius-et.html,0
http://webbusters.com/veniam-ut-nostrum-sit,0
http://www.5minutecrafts.biz/dolore-molestiae-est-qui-culpa-voluptas.html,0
http://www.kertzmann.net/,0
https://www.turner.com/voluptas-atque-neque-enim-inventore,0
http://www.wintheiser.com/,0
http://www.grant.org/eos-voluptas-voluptates-iste-ut-at.html,0
http://donnelly.org/et-suscipit-eos-consequatur,0
http://heller.com/,0
http://www.hintz.biz/voluptatem-ipsum-est-numquam-pariatur-at-enim-necessitatibus,0
https://walker.com/esse-accusamus-officia-modi-sunt.html,0
https://wunsch.com/et-voluptates-dignissimos-voluptate-eum.html,0
https://wyman.com/est-voluptatem-ipsum-deserunt-architecto.html,0
https://www.paucek.info/aut-voluptas-delectus-rerum-autem-id-voluptas,0
https://www.langworth.com/sunt-qui-id-sunt-debitis-cupiditate-quis-alias,0
http://www.von.com/et-voluptates-enim-eos-autem-culpa-harum-est.html,0
http://kutch.com/,0
http://www.bogan.com/saepe-aspernatur-facilis-doloremque-molestiae-sed-debitis-iste,0
http://osinski.com/ut-non-quas-nemo,0
http://wuckert.com/nemo-debitis-magni-aut-voluptates-rerum-atque-itaque,0
http://www.kuhn.com/asperiores-est-earum-aut-quo-et,0
http://www.mccullough.org/,0
http://wehner.com/,0
