http://www.physics.com/voluptatem-accusamus-non-ipsum-atque-velit-qui-est.html,site,physics,engineering,mechanics
http://www.chemistry.org/tempore-sunt-aliquam-nostrum-placeat-deleniti-occaecati-iste,site,science,chemistry,engineering
https://BiologyHW.com/neque-doloremque-officiis-sed-et-magni-voluptatem.html,site,homework,biology,science,answers
http://astrology.com/,site,answers,astrology,charkas
http://scienceQ&A.com/labore-quia-et-sit-voluptatum-deleniti,site,questions,answers,science
http://quantum.info/,site,mastering,quantum,physics,science
https://west.com/ullam-iure-magnam-nesciunt-eaque-sit-aut-culpa-fuga.html,site,russia,ukraine,war,politics,attack,news
http://schaefer.com/similique-est-dolores-quia-aliquid-deserunt-quis-vero-debitis.html,site,politics,news,war,russia,ukraine
http://www.lingo.com/pariatur-molestiae-excepturi-eos-consequatur-placeat-recusandae,site,mastering,speech,linguistics
http://www.nikolaus.info/voluptates-in-consequatur-culpa-ut-ducimus-a-atque,site,computer,science,coding,software,engineering
http://haccher.com/non-consectetur-perspiciatis-quis-molestiae-non-placeat.html,site,cybersecurity,russia,attack,risk,computer,hacker,hackers,haccher
http://rath.com/nostrum-architecto-corrupti-voluptas-eveniet-recusandae.html,site,homework,international,relations,politics,answers
http://cstuts.com/voluptatibus-voluptas-est-ipsum.html,site,computer,programming,tutorial,cstuts
http://www.flatley.com/qui-recusandae-qui-dignissimos,site,politics,USA,europe,russia
https://geeksnotfreaks.net/sit-velit-unde-eum-velit-vitae.html,site,programming,complexity,coding,computer,science
http://www.cybersecurity.net/consequatur-qui-cum-voluptas-dolore-consequuntur-autem-et-tempora,site,cybersecurity,computer,science,coding,programming,hacker,attack
http://www.cstuts.com/aut-earum-et-eum-a-magnam,site,programming,course,courses,cstuts
http://www.factchecker.com/ab-et-est-dicta-in-totam-qui-ipsam,site,astrology,hoax,pseudoscience,factchecker
http://mitchell.org/fuga-perspiciatis-quia-qui.html,site,USA,Europe,politics,biden,speech,schmitt.info,article
http://www.schmitt.info/,site,russia,ukraine,economic,setbacks,politics
http://www.physics.com/quis-et-architecto-ut-aut-quidem-et,site,physics,engineering,mechanical,mechanics
http://scienceMag.com/aut-eveniet-impedit-occaecati-sunt-animi-maiores-blanditiis,site,quantum,tunneling,questions,answers,physics,scienceMag
http://scienceMag.com/nam-quasi-enim-pariatur-incidunt-distinctio,site,biology,cells,science,chemistry,scienceMag
http://www.schmitt.info/nemo-ex-consequuntur-quia.html,site,schmitt.info,politics,middle east
http://haccher.com/vitae-eligendi-quae-qui-vel-autem,site,white,hat,hacking,cybersecurity,computer,hacker,haccher
http://cstuts.com/saepe-ab-iste-molestias-iure-dolores,site,how,to,build,search,engine,computer,science,coding,DIY
http://gislason.org/quia-autem-id-dolores,site,biden,trump,politics,USA,gislason
http://webbusters.com/laborum-et-laboriosam-eius-et.html,site,scienceMag,busted,articles,inaccurate,webbusters,misleading
http://webbusters.com/veniam-ut-nostrum-sit,site,webbusters,gislason,misleading,article
http://www.5minutecrafts.biz/dolore-molestiae-est-qui-culpa-voluptas.html,site,DIY,how,to,crafts,5minutecrafts
http://www.kertzmann.net/,site,physics,engineering,mechanics
https://www.turner.com/voluptas-atque-neque-enim-inventore,site,science,chemistry,engineering
http://www.wintheiser.com/,site,homework,biology,science,answers
http://www.grant.org/eos-voluptas-voluptates-iste-ut-at.html,site,answers,astrology,charkas
http://donnelly.org/et-suscipit-eos-consequatur,site,questions,answers,science
http://heller.com/,site,mastering,quantum,physics,science
http://www.hintz.biz/voluptatem-ipsum-est-numquam-pariatur-at-enim-necessitatibus,site,russia,ukraine,war,politics,attack,news
https://walker.com/esse-accusamus-officia-modi-sunt.html,site,politics,news,war,russia,ukraine
https://wunsch.com/et-voluptates-dignissimos-voluptate-eum.html,site,mastering,speech,linguistics
https://wyman.com/est-voluptatem-ipsum-deserunt-architecto.html,site,computer,science,coding,software,engineering
https://www.paucek.info/aut-voluptas-delectus-rerum-autem-id-voluptas,site,cybersecurity,russia,attack,risk,computer,hacker,hackers,haccher
https://www.langworth.com/sunt-qui-id-sunt-debitis-cupiditate-quis-alias,site,homework,international,relations,politics,answers
http://www.von.com/et-voluptates-enim-eos-autem-culpa-harum-est.html,site,computer,programming,tutorial,cstuts
http://kutch.com/,site,politics,USA,europe,russia
http://www.bogan.com/saepe-aspernatur-facilis-doloremque-molestiae-sed-debitis-iste,site,programming,complexity,coding,computer,science
http://osinski.com/ut-non-quas-nemo,site,cybersecurity,computer,science,coding,programming,hacker,attack
http://wuckert.com/nemo-debitis-magni-aut-voluptates-rerum-atque-itaque,site,programming,course,courses,cstuts
http://www.kuhn.com/asperiores-est-earum-aut-quo-et,site,astrology,hoax,pseudoscience,factchecker
http://www.mccullough.org/,site,USA,Europe,politics,biden,speech,schmitt.info,article
http://wehner.com/,site,russia,ukraine,economic,setbacks,politics